"","Gene End (bp)","Flank (Gene)","Affy HG U133A probeset","Ensembl Gene ID","Gene type","Associated Gene Name","Chromosome Name","Gene Start (bp)"
"1",47586789,"GACACTGTTTCTGTGTAGTGCCTGG","201666_at","ENSG00000102265","protein_coding","TIMP1","X",47582313
"2",14572062,"CCAGAGTCCCCTCTTACTGCTCCGA","202839_s_at","ENSG00000099795","protein_coding","NDUFB7","19",14566078
"3",48903143,"TACCTGAGTGCTTCCTTTGAGGCTG","214527_s_at","ENSG00000102103","protein_coding","PQBP1","X",48897912
"4",32495283,"GTTTTCTGCGTTTGATTTAAATCTG","202904_s_at","ENSG00000106355","protein_coding","LSM5","7",32485332
"5",79666175,"CTCTTGCCTCTTCATGTGTCTGACC","203001_s_at","ENSG00000104435","protein_coding","STMN2","8",79610814
"6",82370828,"GTGCTGGTTTGTATAATTCAACCTT","203476_at","ENSG00000146242","protein_coding","TPBG","6",82363206
"7",50192689,"ATTGGCTTTTGTTTTTTATTTTTTT","212501_at","ENSG00000172216","protein_coding","CEBPB","20",50190734
"8",15585110,"GCAGGCCGGACCCAGTGGCTCACGC","221648_s_at","ENSG00000116771","protein_coding","AGMAT","1",15572353
"9",71756496,"GTGGTTGTTTTGTTGTGGTGGTGGT","221306_at","ENSG00000170837","protein_coding","GPR27","3",71754050
"10",131951373,"GGGCTTGGTTATTCATTTATCCTTC","209101_at","ENSG00000118523","protein_coding","CTGF","6",131948176
"11",76033932,"CCTGTGGACCTTTTGAAGGCCTTGT","217996_at","ENSG00000139289","protein_coding","PHLDA1","12",76025447
"12",97676434,"TAATCTAGTGCCAAGGGCTTGGGAT","209345_s_at","ENSG00000155252","protein_coding","PI4K2A","10",97640686
"13",149377865,"TGTTGTTGTTGTTTAGTTTCATTAT","209386_at;215034_s_at;209387_s_at;215033_at","ENSG00000169908","protein_coding","TM4SF1","3",149369022
"14",38785000,"CACTGTGTATTTTTTGTCTCCTTGG","219539_at","ENSG00000152147","protein_coding","GEMIN6","2",38751534
"15",122514908,"TTTCTGTAGTGCTTATTTTCCTTTC","201185_at","ENSG00000166033","protein_coding","HTRA1","10",122461525
"16",67054099,"GCCAGAAGTCTGCCCATATTTTAGA","209711_at","ENSG00000116704","protein_coding","SLC35D1","1",66999332
"17",110511544,"CTTCTTCATGTTGTTGGTGAATTGG","209457_at","ENSG00000138166","protein_coding","DUSP5","10",110497838
"18",47309905,"CTTAAGTAGTCCGAGTATATTTAAT","214581_x_at;218856_at","ENSG00000146072","protein_coding","TNFRSF21","6",47231532
"19",114312207,"TACTGCAGGGCGCTCAGGAACCTCG","202237_at","ENSG00000280653","miRNA","AP002518.1","11",114312063
"20",8438551,"GCCGAGAGGCAAGGGGCGGGGACGG","211074_at;221419_s_at","ENSG00000281181","lincRNA","CH507-513H4.3","21",8437629
"21",8255514,"GCCGAGAGGCAAGGGGCGGGGACGG","211074_at","ENSG00000281383","lincRNA","CH507-513H4.5","21",8254592
"22",8211306,"GCCGAGAGGCAAGGGGCGGGGACGG","211074_at;221419_s_at","ENSG00000280800","lincRNA","CH507-513H4.6","21",8210384
"23",45152101,"GTTTTCTTCGTGTTTTTTTCTTCTG","202814_s_at","ENSG00000186834","protein_coding","HEXIM1","17",45148502
"24",123092821,"GAAAAGAAAAGAAAAAAGAAGGTTT","220719_at","ENSG00000280381","TEC","RP11-197N18.8","12",123087256
"25",40665141,"AAAAAAGAATAAGTGTTGCCTTGTT","211988_at","ENSG00000264058","protein_coding","RP5-1028K7.3","17",40628797
"26",26198997,"TCGGGGGATGATGCGGGTCTTCTTG","208490_x_at","ENSG00000281823","miRNA","AL031777.2","6",26198861
"27",8394341,"GCCGAGAGGCAAGGGGCGGGGACGG","211074_at;221419_s_at","ENSG00000280614","lincRNA","CH507-513H4.4","21",8393419
"28",164197711,"GAACCTGAAGATGAGGGAGAAGATG","208538_at","ENSG00000248546","processed_pseudogene","ANP32C","4",164197007
"29",107117557,"GCCAAAAGAAAGTCTAATTATATAC","218698_at","ENSG00000225531","processed_pseudogene","RP11-196I18.3","9",107116829
"30",108005568,"TGCCAGGAACAGATTTCGCAGCTGG","201217_x_at","ENSG00000225093","processed_pseudogene","RPL3P7","6",108004357
"31",50105174,"TCAAAGTGTCGTATCTGGGAGATGA","205677_s_at","ENSG00000273541","misc_RNA","DLEU1_2","13",50104833
"32",109786568,"GAAGGTGATTTTTAAATTACGGTTG","209184_s_at;209185_s_at","ENSG00000185950","protein_coding","IRS2","13",109752698
"33",98973301,"TGCCAGGAACAGATTTTGCAGTTGG","201217_x_at;211073_x_at;212039_x_at","ENSG00000232573","processed_pseudogene","RPL3P4","14",98972879
"34",26200715,"TATATAAAGATACTGAAGTTTTACT","208490_x_at","ENSG00000277224","protein_coding","HIST1H2BF","6",26199520
"35",151358557,"AATTTCACTGTGATTCAGTTTCCAT","210517_s_at","ENSG00000131016","protein_coding","AKAP12","6",151239999
"36",119221131,"CTTGTGTGGTTCTTTTAATGAGGAA","221667_s_at","ENSG00000152137","protein_coding","HSPB8","12",119178642
"37",2331260,"CCCGGGTCTGCGTCTTCACTTGAGT","210016_at","ENSG00000186487","protein_coding","MYT1L","2",1789113
"38",108934116,"TGGTGTGAATTTTCCTGGACATTCA","202490_at","ENSG00000070061","protein_coding","IKBKAP","9",108867517
"39",23275108,"GACCTTGGTATTGTAATTATTTTTC","201141_at","ENSG00000136235","protein_coding","GPNMB","7",23235967
"40",233672512,"AATCTTATGCTTTCATATATCAGAA","204679_at","ENSG00000135750","protein_coding","KCNK1","1",233614004
"41",10940256,"ATTAGTAATAACGTTTTCTAGAATT","217773_s_at","ENSG00000189043","protein_coding","NDUFA4","7",10931951
"42",26505636,"CCTGTCAGTATATCATTTTTCTGTC","221479_s_at","ENSG00000104765","protein_coding","BNIP3L","8",26382898
"43",11869448,"CTGAGTTGATTCATTCCATGCGCAC","200838_at;213274_s_at;200839_s_at","ENSG00000164733","protein_coding","CTSB","8",11842524
"44",215436172,"TAATATGGAGGAGTTTTATCTTAGG","212464_s_at;211719_x_at;210495_x_at;216442_x_at","ENSG00000115414","protein_coding","FN1","2",215360440
"45",133302022,"CTTGTGTCTTTTTTCTGTCCCTGAG","200632_s_at","ENSG00000104419","protein_coding","NDRG1","8",133237171
"46",94262350,"GGCATTCTTGATTGATTTTCCTCCC","204472_at","ENSG00000164949","protein_coding","GEM","8",94249253
"47",89353271,"CTAGAACGTACTTATATTTGGGGCT","208893_s_at;208892_s_at;208891_at","ENSG00000139318","protein_coding","DUSP6","12",89347232
"48",78129296,"ACCTGCTGTTCTGTAGTTGATTAGT","200738_s_at;217356_s_at","ENSG00000102144","protein_coding","PGK1","X",78065188
"49",172608669,"TCATATGTCACTCATTTTTGTGTGA","206686_at","ENSG00000152256","protein_coding","PDK1","2",172555373
"50",18322198,"CTCTTTTTTGCATTTATAACATAAC","204544_at","ENSG00000110756","protein_coding","HPS5","11",18278668
"51",40294184,"CTTTGTCTTTAGTTTGATATTTGTG","202939_at","ENSG00000084073","protein_coding","ZMPSTE24","1",40258107
"52",43270936,"ATTTCCTTTGTCTCATCCTTCTAAA","201323_at","ENSG00000117395","protein_coding","EBNA1BP2","1",43164175
"53",85583962,"GAAAACAGCGCTTCATGTTCATCAG","201289_at","ENSG00000142871","protein_coding","CYR61","1",85580761
"54",1744852,"GAATGGCTTTATTTTTTTTTACCTG","212013_at","ENSG00000130508","protein_coding","PXDN","2",1631887
"55",89412270,"ATTTATGCTTTTATTTTTAAACTCT","221523_s_at","ENSG00000025039","protein_coding","RRAGD","6",89364636
"56",189179879,"CCAAAGCTCTCAAATTTCTTGCCTA","221730_at","ENSG00000204262","protein_coding","COL5A2","2",189031896
"57",169254044,"TCTCTCTCCCTTTTTTAAAAAGAAC","203083_at","ENSG00000186340","protein_coding","THBS2","6",169215780
"58",151687165,"TGACTTGGACCGGGTGCTCCTTCAG","200665_s_at","ENSG00000113140","protein_coding","SPARC","5",151661096
"59",61792802,"GCCTCATGTAGAAACCTATACAACG","218213_s_at","ENSG00000134825","protein_coding","TMEM258","11",61768501
"60",5910606,"TCACTCACTGAGGGTGCTCTCATTT","206426_at","ENSG00000120215","protein_coding","MLANA","9",5890802
"61",102050792,"GCCGGCTCCGCCTCTTCTGTCTCCG","211928_at","ENSG00000197102","protein_coding","DYNC1H1","14",101964528
"62",101348278,"GGTCTTTCTGATGAGTGGTTAGGAA","202457_s_at","ENSG00000138814","protein_coding","PPP3CA","4",101023409
"63",2478259,"GTTGCTTGTATGTTTTCGGCTTCTA","207574_s_at","ENSG00000099860","protein_coding","GADD45B","19",2476122
"64",221742176,"TTTAGGATGTGTCTTTTTTTCCCCT","221563_at","ENSG00000143507","protein_coding","DUSP10","1",221701424
"65",105438513,"AAAAAAGTTGACACAGTTCCAAAAA","202949_s_at","ENSG00000115641","protein_coding","FHL2","2",105357712
"66",73170393,"TTGGTGTGTCATTGACTCTTCTATT","201012_at","ENSG00000135046","protein_coding","ANXA1","9",73151757
"67",28417312,"GAGCCTCTGATGGTTGGTTTATTCT","218881_s_at","ENSG00000075426","protein_coding","FOSL2","2",28392448
"68",63594266,"TAGATTGACTGAATTTCTTTTTGTG","221745_at","ENSG00000136485","protein_coding","DCAF7","17",63550461
"69",53214197,"GATGGTTCTTAATTTCTTTTAACCT","204264_at","ENSG00000157184","protein_coding","CPT2","1",53196429
"70",7985505,"GCTGGGTGTGGTGGCTCATGCCTGT","200006_at","ENSG00000116288","protein_coding","PARK7","1",7954291
"71",11133816,"CCAATTTGTCTAAACTCGATGCACG","202068_s_at","ENSG00000130164","protein_coding","LDLR","19",11089362
"72",76970727,"TGTGATTAATTTTTTTCGTTTGAAA","219171_s_at","ENSG00000130856","protein_coding","ZNF236","18",76822607
"73",103031105,"CAGCTGTGCTTTCATTTTTTCTTCT","214620_x_at","ENSG00000145730","protein_coding","PAM","5",102753981
"74",72276036,"GTTGGTTGAGTCTCTCATCAGTACC","202887_s_at","ENSG00000168209","protein_coding","DDIT4","10",72273920
"75",131558217,"GCTCTAGTAGTTTCCTCGGACTTCT","201578_at","ENSG00000128567","protein_coding","PODXL","7",131500262
"76",50723236,"AACTTTTTCTATTTGAAGCATAATT","205677_s_at","ENSG00000176124","protein_coding","DLEU1","13",50082171
"77",153909223,"GCACCTTTTGTTATTTCGCGGAACA","204584_at","ENSG00000198910","protein_coding","L1CAM","X",153861514
"78",98119212,"AACCATGGTCTTCACTGGGAGTTCA","203147_s_at","ENSG00000106785","protein_coding","TRIM14","9",98069275
"79",44909393,"TCTGCTGGCCTCCCCCTGTGATTTC","212884_x_at;203382_s_at","ENSG00000130203","protein_coding","APOE","19",44905754
"80",5737089,"CTGAAGTCTCATTCTTCAGTTTCCA","213293_s_at","ENSG00000132274","protein_coding","TRIM22","11",5689689
"81",63367510,"CTTATTTATCTAGAAGTTTGTGTTT","202419_at","ENSG00000119537","protein_coding","KDSR","18",63327726
"82",9862551,"CCGTTTGTCTTTTTCTTATTACACT","217762_s_at","ENSG00000168461","protein_coding","RAB31","18",9708165
"83",12742734,"TGCTGGAGTCTGGAAAATGATGATT","202478_at","ENSG00000071575","protein_coding","TRIB2","2",12716889
"84",60402883,"TCCACATTTCGAATGCTCAGCTTTC","201590_x_at;213503_x_at;210427_x_at","ENSG00000182718","protein_coding","ANXA2","15",60347134
"85",4985323,"AGCTTAGTCAACCTGGCAGGTAAAT","201170_s_at","ENSG00000134107","protein_coding","BHLHE40","3",4979116
"86",3785281,"GAGGAGTTACATCTCTTTTTTTTCT","208961_s_at","ENSG00000067082","protein_coding","KLF6","10",3775996
"87",35637951,"GTTTCTGCCTGGCATTTTTCATCTC","204179_at","ENSG00000198125","protein_coding","MB","22",35606764
"88",33736445,"ATTTCAAAGATGGTTATTTTCTGTT","200983_x_at","ENSG00000085063","protein_coding","CD59","11",33698261
"89",11975538,"CTGAAGGGAAGATGCTCAGGGCGAG","200827_at","ENSG00000083444","protein_coding","PLOD1","1",11934205
"90",74121363,"CACGCAGGAAAGAATCATTTACTTC","200931_s_at","ENSG00000035403","protein_coding","VCL","10",73995193
"91",87983426,"GGTTTATTTTGGTTTCAATTGATAC","209875_s_at","ENSG00000118785","protein_coding","SPP1","4",87975650
"92",71658704,"CATTTGTGTGTGATATTTAGTATTT","209624_s_at","ENSG00000131844","protein_coding","MCCC2","5",71587288
"93",17609919,"TCAGAGCTTGACTGTGAAGTTATCT","201022_s_at","ENSG00000125868","protein_coding","DSTN","20",17569863
"94",107720452,"TTTATGTGATCTATTTTATATTGCT","209043_at","ENSG00000138801","protein_coding","PAPSS1","4",107590276
"95",83582303,"TGTGACTGGTCTGGTTATTTACAAC","204620_s_at;221731_x_at","ENSG00000038427","protein_coding","VCAN","5",83471465
"96",153509554,"CGCTGCTCCTGTGGCGGCCTGGCCT","201261_x_at;213905_x_at","ENSG00000182492","protein_coding","BGN","X",153494939
"97",68850686,"GCCTTCTCTATATATCAGTATTTCC","205386_s_at","ENSG00000135679","protein_coding","MDM2","12",68808172
"98",89791063,"ATCTTTCTGTCCCTTTCTTCCTGCT","209545_s_at","ENSG00000104312","protein_coding","RIPK2","8",89757747
"99",6701924,"GGCTGGCGCTCTTCCGTGTATTGTG","215792_s_at","ENSG00000007923","protein_coding","DNAJC11","1",6634168
"100",76085033,"AAGTTCTGTTACATGTCTTTAAGCC","217996_at","ENSG00000187109","protein_coding","NAP1L1","12",76036587
"101",132513198,"TGGCTTCATTTTTACATTTTATTTC","212632_at","ENSG00000079950","protein_coding","STX7","6",132445867
"102",34916499,"TTTATCCCTCAATGTTAATGTCAAA","218698_at","ENSG00000149089","protein_coding","APIP","11",34853094
"103",207386804,"GTATTGTGTCATCAAACTCATTACA","201926_s_at;201925_s_at","ENSG00000196352","protein_coding","CD55","1",207321508
"104",1780457,"GCTGGGTTAATAACAGCTTTCTTCT","208918_s_at","ENSG00000008130","protein_coding","NADK","1",1751232
"105",45921874,"TTTTAGCTGTAGTGGAAAACTTCAT","212143_s_at;210095_s_at","ENSG00000146674","protein_coding","IGFBP3","7",45912245
"106",30572261,"AAGTAGACTGCAGCGTTTTGTTTTC","209487_at","ENSG00000157110","protein_coding","RBPMS","8",30384479
"107",9481242,"GTTTTGTTTTTTTTTTTTAAAAAAA","203895_at","ENSG00000101333","protein_coding","PLCB4","20",9068763
"108",43786487,"GCTCCTCTTGGTTTCTCCTTCTCCA","210512_s_at;212171_x_at","ENSG00000112715","protein_coding","VEGFA","6",43770184
"109",163076802,"TTTGCTTGGAAACACATTAATGATC","204338_s_at","ENSG00000117152","protein_coding","RGS4","1",163068775
"110",23296279,"TCACTTTGAAATGTGGTCTGTAGGG","35156_at","ENSG00000104679","protein_coding","R3HCC1","8",23270120
"111",37175426,"AACTCGTGGCTTCTAATCGTCTGTG","209193_at","ENSG00000137193","protein_coding","PIM1","6",37170203
"112",28577264,"CTTTGCCTGTCTGTTTTACACATCA","202022_at","ENSG00000109107","protein_coding","ALDOC","17",28573115
"113",58497866,"TGGGATTGTTTGGCTGTGTCTGTAA","207016_s_at","ENSG00000128918","protein_coding","ALDH1A2","15",57953424
"114",17237593,"TTTTGTTGTGTTATTTATTGGATAA","201426_s_at","ENSG00000026025","protein_coding","VIM","10",17228259
"115",46211871,"GGTGTCTCTGGATGTTTCATTTTGA","208885_at","ENSG00000136167","protein_coding","LCP1","13",46125920
"116",59372900,"TAAAATGTCTTTGGAATATGCTTAC","203072_at","ENSG00000157483","protein_coding","MYO1E","15",59132434
"117",119944658,"CATTTCTAGTGGTGCTTTTATTTTT","216392_s_at","ENSG00000107651","protein_coding","SEC23IP","10",119892711
"118",58460260,"TAATGGTCTCCTGTCTTTAGTAGAA","201939_at","ENSG00000145632","protein_coding","PLK2","5",58453982
"119",43670547,"TGTGGTGGGGCATGCCTGTGGTCCT","210845_s_at;211924_s_at;214866_at","ENSG00000011422","protein_coding","PLAUR","19",43646095
"120",6451469,"CCATCTGTCACAGATAATACTGAAA","221591_s_at","ENSG00000129195","protein_coding","FAM64A","17",6444415
"121",23786226,"TTTTTACTAGTTCTTTATTTCTTAC","210592_s_at","ENSG00000130066","protein_coding","SAT1","X",23783173
"122",114313285,"CTGGGGAACATGCAAAAACCCTGTC","202238_s_at;202237_at","ENSG00000166741","protein_coding","NNMT","11",114257787
"123",66170072,"TTAACAAAGCACATCTTGCACCGCC","219206_x_at","ENSG00000155957","protein_coding","TMBIM4","12",66135846
"124",39320389,"TCTTGCCTCTTTCTTCAGGAGAGAG","201217_x_at;211073_x_at;212039_x_at","ENSG00000100316","protein_coding","RPL3","22",39312882
"125",17697874,"ATTGAGGTTTTGTTGTGGTTTTTTA","221656_s_at","ENSG00000074964","protein_coding","ARHGEF10L","1",17539835
"126",68198603,"ATGGCTGAAATCATCTATTATTGTT","216143_at","ENSG00000033800","protein_coding","PIAS1","15",68054179
"127",40648508,"TTGAGTTTTTAAGAGCCTGATGTTT","211988_at","ENSG00000073584","protein_coding","SMARCE1","17",40624962
"128",169132722,"CTCGTGTGTGATTCACTCTTGTCTA","201243_s_at","ENSG00000143153","protein_coding","ATP1B1","1",169105697
"129",124749273,"CTTGCCTCATGGCATTTGTTCAAGG","202707_at","ENSG00000114491","protein_coding","UMPS","3",124730366
"130",59325992,"TTTGTGGGTTTTTTTCCTCACTGTC","208399_s_at","ENSG00000124205","protein_coding","EDN3","20",59300427
"131",60573878,"ACTGTGTGTTTTATTTGCCTGATGT","208089_s_at","ENSG00000083544","protein_coding","TDRD3","13",60396457
"132",21090240,"CCAGCAAAGACTGGCAGAGTGGCTC","58780_s_at","ENSG00000165801","protein_coding","ARHGEF40","14",21070270
"133",38216511,"TGTGTATCCTGGACTATGTTTTTTG","36711_at","ENSG00000185022","protein_coding","MAFF","22",38200767
"134",105576900,"CAGGTCTCCCACAGCTGTCTGACTC","201951_at","ENSG00000170017","protein_coding","ALCAM","3",105366909
"135",13915707,"TTCCTCTTCCTCTCCTCATTTTCCC","217434_at","ENSG00000185231","protein_coding","MC2R","18",13882044
"136",72365235,"TGTTTTGTGCCATAAATGTAAGACT","210275_s_at","ENSG00000107372","protein_coding","ZFAND5","9",72351425
"137",4456775,"TTGTGGTCATTTCTTCTTTGAAAGA","205963_s_at","ENSG00000103423","protein_coding","DNAJA3","16",4425805
"138",107000244,"GTAGGCTTGGATTTGAATATCAAAT","219038_at","ENSG00000133131","protein_coding","MORC4","X",106813871
"139",51345116,"CCTGTTGTGTATGCGTTAGATTCTT","210652_s_at","ENSG00000085831","protein_coding","TTC39A","1",51287258
"140",66169896,"TTAAAAGTATCTCAGCTCAACTGAA","219206_x_at","ENSG00000282031","protein_coding","TMBIM4","12",66137960
"141",73096974,"TGTTTGTTTTCTGTGTGGTGTTTTT","207543_s_at","ENSG00000122884","protein_coding","P4HA1","10",73007217
"142",136545862,"TCTGGCTTCCACTCCCCTCTGCTCT","218902_at","ENSG00000148400","protein_coding","NOTCH1","9",136494444
